{"age":26.2263534732,"g":43.1528702424,"gs":19.741992212,"mp":972.9511367919,"fg":158.7522924256,"fga":346.0680818993,"fg_percent":0.4400974314,"x3p":42.0329104384,"x3pa":117.4489385756,"x3p_percent":0.306278359,"x2p":116.7193819872,"x2pa":228.6191433237,"x2p_percent":0.4930250064,"e_fg_percent":0.4976559534,"ft":69.177490265,"fta":90.1797512875,"ft_percent":0.7386790586,"orb":41.6240422058,"drb":133.3053636478,"trb":174.9294058535,"ast":95.1773646527,"stl":30.7516643638,"blk":19.3332495918,"tov":54.3930410752,"pf":80.690742369,"pts":428.7149855546,"avg_dist_fga":13.2235353663,"percent_fga_from_x2p_range":0.6514729849,"percent_fga_from_x0_3_range":0.2899503986,"percent_fga_from_x3_10_range":0.1737645198,"percent_fga_from_x10_16_range":0.0853837783,"percent_fga_from_x16_3p_range":0.1023165886,"percent_fga_from_x3p_range":0.3485327091,"fg_percent_from_x2p_range":0.4930250064,"fg_percent_from_x0_3_range":0.634690673,"fg_percent_from_x3_10_range":0.3749070138,"fg_percent_from_x10_16_range":0.3738996074,"fg_percent_from_x16_3p_range":0.3552690384,"fg_percent_from_x3p_range":0.306278359,"percent_assisted_x2p_fg":0.5427576783,"percent_assisted_x3p_fg":0.8690512191,"percent_dunks_of_fga":0.0621362774,"num_of_dunks":16.4913955533,"percent_corner_3s_of_3pa":0.2660114262,"corner_3_point_percent":0.348753663,"num_heaves_attempted":0.7315663861,"num_heaves_made":0.0177113428}